Fund Name,TOPSIS Score,Rank
M1,0.603260950124503,6
M2,0.6059848839531943,2
M3,0.4530533602476969,1
M4,0.5323527780291034,5
M5,0.5462433483208452,4
M6,0.6532763886262221,8
M7,0.3939068980665497,3
M8,0.49408898161033954,7
